{"1": [2700000, 4.838272333145142], "2": [1700000, 3.421983003616333], "3": [2500000, 5.540104150772095], "4": [3400000, 8.36562967300415], "5": [4200000, 11.964357137680054], "6": [5000000, 17.087032318115234], "7": [5900000, 25.11280059814453], "8": [6700000, 32.841978549957275], "9": [7500000, 36.526548862457275], "10": [8400000, 43.24563145637512], "11": [9200000, 51.201754093170166], "12": [10000000, 60.38976001739502]}